frame_id,wall_clock,capture_ts,inference_start_ts,inference_end_ts,publish_ts,received_ts,queue_age,preprocess_s,inference_latency,post_processing,result_age,consumer_age,ok,failure,detail,extracted,path_status,obstacle_location,system_available_mb,power_w
4083,2026-10-08T12:18:04.650Z,101108.054386,101108.209005,101114.857853,101114.858821,101114.885219,0.154619,0.114006,6.648848,0.000968,6.804435,6.830833,True,none,,False,blocked,front_left,425.3,14.94
4285,2026-10-08T12:18:11.119Z,101114.791169,101114.887683,101121.325749,101121.328227,101121.336243,0.096514,0.003235,6.438066,0.002478,6.537058,6.545074,True,none,,False,blocked,front_left,429.7,15.34
4481,2026-10-08T12:18:17.552Z,101121.3236,101121.338968,101127.758387,101127.761156,101127.769396,0.015368,0.003493,6.419419,0.002769,6.437556,6.445796,True,none,,False,blocked,front_left,429.9,15.34
4674,2026-10-08T12:18:24.013Z,101127.756051,101127.773096,101134.221665,101134.222258,101134.231611,0.017045,0.004583,6.448569,0.000593,6.466207,6.47556,True,none,,False,blocked,front_left,429.6,15.38
4868,2026-10-08T12:18:30.439Z,101134.224213,101134.235305,101140.647382,101140.647967,101140.655687,0.011092,0.004255,6.412077,0.000585,6.423754,6.431474,True,none,,False,blocked,front_left,428.2,15.34
5060,2026-10-08T12:18:36.852Z,101140.62489,101140.659602,101147.060606,101147.061299,101147.069044,0.034712,0.004524,6.401004,0.000693,6.436409,6.444154,True,none,,False,blocked,front_left,422.3,15.38
5252,2026-10-08T12:18:43.266Z,101147.02497,101147.070667,101153.474111,101153.474831,101153.48265,0.045697,0.002274,6.403444,0.00072,6.449861,6.45768,True,none,,False,blocked,front_left,428.6,15.42
5445,2026-10-08T12:18:49.682Z,101153.45734,101153.486081,101159.890421,101159.891002,101159.900804,0.028741,0.004174,6.40434,0.000581,6.433662,6.443464,True,none,,False,blocked,front_left,433.0,15.38
5638,2026-10-08T12:18:56.129Z,101159.893752,101159.902971,101166.336872,101166.33759,101166.345192,0.009219,0.00278,6.433901,0.000718,6.443838,6.45144,True,none,,False,blocked,front_left,433.1,15.46
5831,2026-10-08T12:19:02.564Z,101166.326719,101166.346661,101172.772616,101172.773293,101172.780775,0.019942,0.002228,6.425955,0.000677,6.446574,6.454056,True,none,,False,blocked,front_left,432.1,15.5
6024,2026-10-08T12:19:09.009Z,101172.758563,101172.782422,101179.217824,101179.218418,101179.225932,0.023859,0.002209,6.435402,0.000594,6.459855,6.467369,True,none,,False,blocked,front_left,429.5,15.5
6217,2026-10-08T12:19:15.256Z,101179.194949,101179.229327,101185.464364,101185.464987,101185.475284,0.034378,0.004245,6.235037,0.000623,6.270038,6.280335,True,none,,False,blocked,left,429.8,15.42
6405,2026-10-08T12:19:21.670Z,101185.459716,101185.474637,101191.878081,101191.878699,101191.886311,0.014921,0.002717,6.403444,0.000618,6.418983,6.426595,True,none,,False,blocked,front_left,429.2,15.46
6597,2026-10-08T12:19:28.090Z,101191.859735,101191.889713,101198.298563,101198.299153,101198.306885,0.029978,0.004174,6.40885,0.00059,6.439418,6.44715,True,none,,False,blocked,front_left,430.1,15.42
6790,2026-10-08T12:19:34.505Z,101198.29223,101198.308959,101204.713393,101204.714096,101204.721765,0.016729,0.002713,6.404434,0.000703,6.421866,6.429535,True,none,,False,blocked,front_left,429.8,15.46
6982,2026-10-08T12:19:40.915Z,101204.696829,101204.725617,101211.123217,101211.123839,101211.131459,0.028788,0.004451,6.3976,0.000622,6.42701,6.43463,True,none,,False,blocked,front_left,422.6,15.46
7173,2026-10-08T12:19:47.344Z,101211.061258,101211.132972,101217.552284,101217.552939,101217.560965,0.071714,0.002301,6.419312,0.000655,6.491681,6.499707,True,none,,False,blocked,front_left,429.4,15.42
7367,2026-10-08T12:19:53.785Z,101217.529316,101217.563828,101223.992842,101223.993469,101224.002932,0.034512,0.003535,6.429014,0.000627,6.464153,6.473616,True,none,,False,blocked,front_left,429.6,15.46
7561,2026-10-08T12:20:00.230Z,101223.993671,101224.005952,101230.438702,101230.439336,101230.446889,0.012281,0.00376,6.43275,0.000634,6.445665,6.453218,True,none,,False,blocked,front_left,429.2,15.54
7751,2026-10-08T12:20:06.646Z,101230.33004,101230.449445,101236.854697,101236.855323,101236.865156,0.119405,0.003157,6.405252,0.000626,6.525283,6.535116,True,none,,False,blocked,front_left,429.6,15.42
7947,2026-10-08T12:20:13.072Z,101236.860304,101236.867845,101243.280025,101243.280689,101243.289033,0.007541,0.003452,6.41218,0.000664,6.420385,6.428729,True,none,,False,blocked,front_left,425.0,15.5
8139,2026-10-08T12:20:19.531Z,101243.262795,101243.292782,101249.738777,101249.739558,101249.747063,0.029987,0.004489,6.445995,0.000781,6.476763,6.484268,True,none,,False,blocked,front_left,428.5,15.58
8333,2026-10-08T12:20:25.977Z,101249.727248,101249.750722,101256.185515,101256.18614,101256.194396,0.023474,0.004274,6.434793,0.000625,6.458892,6.467148,True,none,,False,blocked,front_left,429.5,15.46
8526,2026-10-08T12:20:32.421Z,101256.159644,101256.197766,101262.629268,101262.629894,101262.640547,0.038122,0.004226,6.431502,0.000626,6.47025,6.480903,True,none,,False,blocked,front_left,430.0,15.42
8720,2026-10-08T12:20:38.883Z,101262.631659,101262.643095,101269.091202,101269.091775,101269.102452,0.011436,0.003517,6.448107,0.000573,6.460116,6.470793,True,none,,False,blocked,front_left,421.3,15.42
8914,2026-10-08T12:20:45.349Z,101269.094791,101269.105391,101275.556902,101275.557534,101275.567304,0.0106,0.003714,6.451511,0.000632,6.462743,6.472513,True,none,,False,blocked,front_left,418.3,15.42
9108,2026-10-08T12:20:51.793Z,101275.562549,101275.570009,101281.998921,101282.00224,101282.009715,0.00746,0.003422,6.428912,0.003319,6.439691,6.447166,True,none,,False,blocked,front_left,424.9,15.51
9301,2026-10-08T12:20:58.232Z,101281.99704,101282.011898,101288.440755,101288.441379,101288.450384,0.014858,0.002719,6.428857,0.000624,6.444339,6.453344,True,none,,False,blocked,front_left,424.9,15.47
9494,2026-10-08T12:21:04.688Z,101288.433862,101288.453119,101294.89641,101294.89703,101294.906779,0.019257,0.003486,6.443291,0.00062,6.463168,6.472917,True,none,,False,blocked,front_left,424.8,15.46
9688,2026-10-08T12:21:11.143Z,101294.897698,101294.909514,101301.351753,101301.352349,101301.360326,0.011816,0.003769,6.442239,0.000596,6.454651,6.462628,True,none,,False,blocked,front_left,424.0,15.47
9881,2026-10-08T12:21:17.578Z,101301.33417,101301.362398,101307.786221,101307.786838,101307.794656,0.028228,0.002657,6.423823,0.000617,6.452668,6.460486,True,none,,False,blocked,front_left,423.6,15.55
10074,2026-10-08T12:21:24.027Z,101307.766369,101307.799438,101314.234894,101314.235533,101314.245718,0.033069,0.005363,6.435456,0.000639,6.469164,6.479349,True,none,,False,blocked,front_left,424.3,15.51
10268,2026-10-08T12:21:30.484Z,101314.234674,101314.248978,101320.692027,101320.692641,101320.701946,0.014304,0.003835,6.443049,0.000614,6.457967,6.467272,True,none,,False,blocked,front_left,424.6,15.43
10462,2026-10-08T12:21:36.921Z,101320.696985,101320.704632,101327.129297,101327.129914,101327.139649,0.007647,0.00341,6.424665,0.000617,6.432929,6.442664,True,none,,False,blocked,front_left,424.3,15.51
10655,2026-10-08T12:21:43.365Z,101327.133479,101327.142296,101333.573093,101333.573707,101333.58121,0.008817,0.003515,6.430797,0.000614,6.440228,6.447731,True,none,,False,blocked,front_left,428.1,15.55
10848,2026-10-08T12:21:49.824Z,101333.568078,101333.583715,101340.032498,101340.033142,101340.04317,0.015637,0.003044,6.448783,0.000644,6.465064,6.475092,True,none,,False,blocked,front_left,426.1,15.51
11042,2026-10-08T12:21:56.271Z,101340.032067,101340.046014,101346.479644,101346.480321,101346.48819,0.013947,0.003393,6.43363,0.000677,6.448254,6.456123,True,none,,False,blocked,front_left,426.0,15.51
11235,2026-10-08T12:22:02.732Z,101346.468367,101346.490903,101352.940611,101352.941268,101352.949185,0.022536,0.003332,6.449708,0.000657,6.472901,6.480818,True,none,,False,blocked,front_left,425.6,15.55
11429,2026-10-08T12:22:09.181Z,101352.932729,101352.95131,101359.389674,101359.3903,101359.397949,0.018581,0.00268,6.438364,0.000626,6.457571,6.46522,True,none,,False,blocked,front_left,426.0,15.47
11622,2026-10-08T12:22:15.641Z,101359.369172,101359.399893,101365.849038,101365.849677,101365.857034,0.030721,0.002523,6.449145,0.000639,6.480505,6.487862,True,none,,False,blocked,front_left,426.2,15.55
11816,2026-10-08T12:22:22.105Z,101365.833495,101365.859666,101372.313575,101372.314203,101372.321667,0.026171,0.003199,6.453909,0.000628,6.480708,6.488172,True,none,,False,blocked,front_left,421.6,15.55
12010,2026-10-08T12:22:28.581Z,101372.301686,101372.324276,101378.7896,101378.790219,101378.79813,0.02259,0.003166,6.465324,0.000619,6.488533,6.496444,True,none,,False,blocked,front_left,426.0,15.51
12204,2026-10-08T12:22:35.047Z,101378.770058,101378.800529,101385.25484,101385.255463,101385.263235,0.030471,0.002964,6.454311,0.000623,6.485405,6.493177,True,none,,False,blocked,front_left,425.4,15.55
12398,2026-10-08T12:22:41.494Z,101385.234406,101385.266031,101391.702556,101391.703195,101391.712868,0.031625,0.003337,6.436525,0.000639,6.468789,6.478462,True,none,,False,blocked,front_left,425.7,15.47
12592,2026-10-08T12:22:47.946Z,101391.702879,101391.715772,101398.1544,101398.154981,101398.162889,0.012893,0.003654,6.438628,0.000581,6.452102,6.46001,True,none,,False,blocked,front_left,425.4,15.51
12785,2026-10-08T12:22:54.402Z,101398.135345,101398.165463,101404.609828,101404.61057,101404.618072,0.030118,0.003398,6.444365,0.000742,6.475225,6.482727,True,none,,False,blocked,front_left,430.7,15.59
12979,2026-10-08T12:23:00.844Z,101404.603286,101404.620069,101411.052687,101411.053309,101411.060758,0.016783,0.002552,6.432618,0.000622,6.450023,6.457472,True,none,,False,blocked,front_left,432.9,15.55
13172,2026-10-08T12:23:07.297Z,101411.035965,101411.062947,101417.505722,101417.506432,101417.516697,0.026982,0.002783,6.442775,0.00071,6.470467,6.480732,True,none,,False,blocked,front_left,425.8,15.51
13366,2026-10-08T12:23:13.771Z,101417.504214,101417.518743,101423.979088,101423.979828,101423.987131,0.014529,0.002569,6.460345,0.00074,6.475614,6.482917,True,none,,False,blocked,front_left,424.7,15.55
13560,2026-10-08T12:23:20.226Z,101423.968296,101423.989367,101430.43392,101430.434546,101430.444773,0.021071,0.002823,6.444553,0.000626,6.46625,6.476477,True,none,,False,blocked,front_left,425.9,15.47
13754,2026-10-08T12:23:26.695Z,101430.4363,101430.447766,101436.903148,101436.903772,101436.91306,0.011466,0.003748,6.455382,0.000624,6.467472,6.47676,True,none,,False,blocked,front_left,424.4,15.51
13948,2026-10-08T12:23:33.173Z,101436.904824,101436.91572,101443.380924,101443.381567,101443.389089,0.010896,0.003384,6.465204,0.000643,6.476743,6.484265,True,none,,False,blocked,front_left,425.6,15.55
14142,2026-10-08T12:23:39.616Z,101443.373139,101443.391533,101449.824293,101449.824907,101449.832738,0.018394,0.003003,6.43276,0.000614,6.451768,6.459599,True,none,,False,blocked,front_left,425.6,15.55
14335,2026-10-08T12:23:46.091Z,101449.805429,101449.834716,101456.299228,101456.299856,101456.309764,0.029287,0.002533,6.464512,0.000628,6.494427,6.504335,True,none,,False,blocked,front_left,426.0,15.51
14530,2026-10-08T12:23:52.572Z,101456.303602,101456.312697,101462.780295,101462.78092,101462.788779,0.009095,0.003688,6.467598,0.000625,6.477318,6.485177,True,none,,False,blocked,front_left,425.4,15.55
14724,2026-10-08T12:23:59.034Z,101462.77417,101462.791571,101469.240284,101469.243277,101469.250994,0.017401,0.003352,6.448713,0.002993,6.469107,6.476824,True,none,,False,blocked,front_left,425.8,15.55
14918,2026-10-08T12:24:05.452Z,101469.238321,101469.252897,101475.660125,101475.660769,101475.668947,0.014576,0.002552,6.407228,0.000644,6.422448,6.430626,True,none,,False,blocked,front_left,432.9,15.47
15102,2026-10-08T12:24:11.904Z,101475.370608,101475.671225,101482.112436,101482.11305,101482.120513,0.300617,0.003301,6.441211,0.000614,6.742442,6.749905,True,none,,False,blocked,front_left,425.6,15.55
15304,2026-10-08T12:24:18.348Z,101482.106918,101482.122612,101488.556538,101488.557123,101488.56512,0.015694,0.002696,6.433926,0.000585,6.450205,6.458202,True,none,,False,blocked,front_left,426.1,15.51
15497,2026-10-08T12:24:24.814Z,101488.5392,101488.567195,101495.022067,101495.02269,101495.030159,0.027995,0.002639,6.454872,0.000623,6.48349,6.490959,True,none,,False,blocked,front_left,432.4,15.51
15691,2026-10-08T12:24:31.221Z,101495.00357,101495.032121,101501.429747,101501.430367,101501.438355,0.028551,0.002549,6.397626,0.00062,6.426797,6.434785,True,none,,False,blocked,front_left,426.1,15.55
15883,2026-10-08T12:24:37.685Z,101501.40777,101501.440995,101507.893544,101507.894168,101507.901931,0.033225,0.003352,6.452549,0.000624,6.486398,6.494161,True,none,,False,blocked,front_left,425.2,15.51
16077,2026-10-08T12:24:44.130Z,101507.87207,101507.90462,101514.337975,101514.338609,101514.348634,0.03255,0.003252,6.433355,0.000634,6.466539,6.476564,True,none,,False,blocked,front_left,426.0,15.47
16271,2026-10-08T12:24:50.609Z,101514.340268,101514.351525,101520.817043,101520.817699,101520.825134,0.011257,0.003707,6.465518,0.000656,6.477431,6.484866,True,none,,False,blocked,front_left,425.8,15.55
16465,2026-10-08T12:24:57.050Z,101520.808625,101520.827328,101527.258281,101527.258909,101527.266759,0.018703,0.002727,6.430953,0.000628,6.450284,6.458134,True,none,,False,blocked,front_left,425.8,15.51
16658,2026-10-08T12:25:03.516Z,101527.240936,101527.269356,101533.72471,101533.725341,101533.733235,0.02842,0.003125,6.455354,0.000631,6.484405,6.492299,True,none,,False,blocked,front_left,425.5,15.55
16852,2026-10-08T12:25:09.970Z,101533.709233,101533.736336,101540.178296,101540.178991,101540.186659,0.027103,0.003714,6.44196,0.000695,6.469758,6.477426,True,none,,False,blocked,front_left,424.7,15.55
17046,2026-10-08T12:25:16.433Z,101540.173481,101540.188701,101546.641147,101546.641772,101546.649829,0.01522,0.002659,6.452446,0.000625,6.468291,6.476348,True,none,,False,blocked,front_left,425.7,15.55
17239,2026-10-08T12:25:22.899Z,101546.609741,101546.651654,101553.106956,101553.107566,101553.117195,0.041913,0.002435,6.455302,0.00061,6.497825,6.507454,True,none,,False,blocked,front_left,425.4,15.47
17434,2026-10-08T12:25:29.339Z,101553.109751,101553.119639,101559.54705,101559.547798,101559.555948,0.009888,0.003097,6.427411,0.000748,6.438047,6.446197,True,none,,False,blocked,front_left,425.7,15.51
17627,2026-10-08T12:25:35.800Z,101559.542272,101559.558775,101566.007946,101566.008585,101566.018296,0.016503,0.003405,6.449171,0.000639,6.466313,6.476024,True,none,,False,blocked,front_left,425.2,15.55
17821,2026-10-08T12:25:42.266Z,101566.01035,101566.021151,101572.474438,101572.475071,101572.485225,0.010801,0.003476,6.453287,0.000633,6.464721,6.474875,True,none,,False,blocked,front_left,424.7,15.55
18015,2026-10-08T12:25:48.725Z,101572.475087,101572.486631,101578.93339,101578.934073,101578.94189,0.011544,0.00217,6.446759,0.000683,6.458986,6.466803,True,none,,False,blocked,front_left,426.0,15.47
18208,2026-10-08T12:25:55.184Z,101578.911154,101578.944854,101585.392589,101585.393227,101585.401091,0.0337,0.003669,6.447735,0.000638,6.482073,6.489937,True,none,,False,blocked,front_left,426.0,15.55
18402,2026-10-08T12:26:01.640Z,101585.375525,101585.404361,101591.848531,101591.84918,101591.857102,0.028836,0.003847,6.44417,0.000649,6.473655,6.481577,True,none,,False,blocked,front_left,425.7,15.51
18596,2026-10-08T12:26:08.090Z,101591.843631,101591.859214,101598.297911,101598.29854,101598.306823,0.015583,0.002657,6.438697,0.000629,6.454909,6.463192,True,none,,False,blocked,front_left,425.4,15.43
18789,2026-10-08T12:26:14.531Z,101598.276126,101598.309611,101604.739306,101604.739973,101604.750067,0.033485,0.00346,6.429695,0.000667,6.463847,6.473941,True,none,,False,blocked,front_left,424.2,15.55
18983,2026-10-08T12:26:20.974Z,101604.742275,101604.752823,101611.182099,101611.182731,101611.190701,0.010548,0.00348,6.429276,0.000632,6.440456,6.448426,True,none,,False,blocked,front_left,425.1,15.55
19176,2026-10-08T12:26:27.417Z,101611.176447,101611.193799,101617.625196,101617.625818,101617.633645,0.017352,0.003649,6.431397,0.000622,6.449371,6.457198,True,none,,False,blocked,front_left,432.2,15.55
19369,2026-10-08T12:26:33.858Z,101617.60855,101617.636131,101624.066386,101624.066991,101624.074481,0.027581,0.003045,6.430255,0.000605,6.458441,6.465931,True,none,,False,blocked,front_left,425.0,15.59
19562,2026-10-08T12:26:40.309Z,101624.045017,101624.077711,101630.516993,101630.517674,101630.525489,0.032694,0.003878,6.439282,0.000681,6.472657,6.480472,True,none,,False,blocked,front_left,424.5,15.55
19756,2026-10-08T12:26:46.777Z,101630.509214,101630.527534,101636.985042,101636.985671,101636.993433,0.01832,0.002611,6.457508,0.000629,6.476457,6.484219,True,none,,False,blocked,front_left,425.1,15.55
19950,2026-10-08T12:26:53.217Z,101636.977478,101636.996241,101643.425715,101643.426368,101643.433857,0.018763,0.003392,6.429474,0.000653,6.44889,6.456379,True,none,,False,blocked,front_left,425.0,15.59
20143,2026-10-08T12:26:59.666Z,101643.409725,101643.436445,101649.87406,101649.874683,101649.884946,0.02672,0.003146,6.437615,0.000623,6.464958,6.475221,True,none,,False,blocked,front_left,425.2,15.43
20337,2026-10-08T12:27:06.134Z,101649.877198,101649.887946,101656.342597,101656.343236,101656.353634,0.010748,0.003878,6.454651,0.000639,6.466038,6.476436,True,none,,False,blocked,front_left,425.1,15.47
20531,2026-10-08T12:27:12.603Z,101656.34569,101656.356785,101662.810881,101662.81155,101662.82154,0.011095,0.003854,6.454096,0.000669,6.46586,6.47585,True,none,,False,blocked,front_left,425.9,15.55
20725,2026-10-08T12:27:19.019Z,101662.810501,101662.823589,101669.227488,101669.228154,101669.23599,0.013088,0.002598,6.403899,0.000666,6.417653,6.425489,True,none,,False,blocked,front_left,425.0,15.55
20917,2026-10-08T12:27:25.469Z,101669.210741,101669.23923,101675.677235,101675.677882,101675.687104,0.028489,0.003809,6.438005,0.000647,6.467141,6.476363,True,none,,False,blocked,front_left,425.6,15.51
21111,2026-10-08T12:27:31.920Z,101675.678997,101675.690061,101682.128293,101682.128899,101682.136503,0.011064,0.003717,6.438232,0.000606,6.449902,6.457506,True,none,,False,blocked,front_left,425.3,15.59
21304,2026-10-08T12:27:38.379Z,101682.111269,101682.138505,101688.587473,101688.588135,101688.595637,0.027236,0.002605,6.448968,0.000662,6.476866,6.484368,True,none,,False,blocked,front_left,425.3,15.51
21498,2026-10-08T12:27:44.845Z,101688.579486,101688.59882,101695.052917,101695.05356,101695.061216,0.019334,0.003735,6.454097,0.000643,6.474074,6.48173,True,none,,False,blocked,front_left,425.5,15.55
21692,2026-10-08T12:27:51.290Z,101695.047736,101695.063603,101701.498,101701.498598,101701.506444,0.015867,0.002952,6.434397,0.000598,6.450862,6.458708,True,none,,False,blocked,front_left,424.8,15.55
21885,2026-10-08T12:27:57.749Z,101701.479961,101701.509723,101707.957674,101707.958333,101707.966214,0.029762,0.003866,6.447951,0.000659,6.478372,6.486253,True,none,,False,blocked,front_left,425.0,15.55
22079,2026-10-08T12:28:04.198Z,101707.948222,101707.968775,101714.406442,101714.407103,101714.416809,0.020553,0.003107,6.437667,0.000661,6.458881,6.468587,True,none,,False,blocked,front_left,424.9,15.43
