frame_id,capture_ts,inference_start_ts,inference_end_ts,publish_ts,queue_age,preprocess_s,inference_latency,post_processing,result_age,ok,failure,extracted,path_status,obstacle_location,rss_mb,system_available_mb,power_w
0,55699.441528422,55701.293328884,55707.360035347,55707.360966169,1.8518004619982094,1.8515618370001903,6.0667064630033565,0.0009308219960075803,7.919437746997573,True,none,False,blocked,front_center,118.669312,6380.793856,5.212416
195,55707.356327739,55707.374539251,55713.62383824,55713.624281059,0.018211512004199903,3.257599746575579e-05,6.249298988994269,0.0004428190004546195,6.267953319998924,True,none,False,blocked,front_left,118.669312,6380.87168,5.212416
383,55713.617966872,55713.632190423,55719.543160914,55719.543616885,0.01422355099930428,1.8528000509832054e-05,5.910970491000626,0.00045597099961014464,5.92565001299954,True,none,False,unknown,unknown,118.669312,6380.87168,5.212416
560,55719.519610419,55719.551072967,55725.769170139,55725.769625822,0.031462547995033674,9.85599763225764e-06,6.218097172000853,0.00045568300265586004,6.250015402998542,True,none,False,blocked,front_center,118.669312,6380.87168,5.212416
748,55725.767426831,55725.776906928,55731.860041261,55731.860330191,0.009480096996412612,1.0432006092742085e-05,6.083134333006456,0.0002889299939852208,6.092903359996853,True,none,False,blocked,front_left,118.669312,6380.87168,5.212416
931,55731.853092765,55731.867453952,55738.151853934,55738.152263441,0.014361187000758946,1.4687997463624924e-05,6.284399982003379,0.0004095069962204434,6.299170676000358,True,none,False,unknown,unknown,118.669312,6380.87168,5.212416
1119,55738.140951842,55738.159474403,55744.504954574,55744.505379761,0.01852256100391969,1.679999695625156e-05,6.34548017099587,0.0004251870050211437,6.364427919004811,True,none,False,unknown,unknown,118.669312,6380.87168,5.212416
1310,55744.490521608,55744.512840166,55750.592056951,55750.592435162,0.022318557996186428,1.6063997463788837e-05,6.079216785001336,0.00037821099977009,6.101913553997292,True,none,False,clear,none,118.669312,6380.87168,5.212416
1492,55750.578603799,55750.599714317,55756.547093967,55756.54739989,0.021110518006025814,1.4527999155689031e-05,5.947379649995128,0.0003059230002691038,5.968796091001423,True,none,False,unknown,unknown,118.669312,6380.87168,5.212416
1671,55756.553520606,55756.555152329,55762.638673269,55762.639203673,0.0016317229965352453,1.3568002032116055e-05,6.083520940002927,0.0005304040023474954,6.08568306700181,True,none,False,blocked,front_right,118.669312,6380.87168,5.212416
1853,55762.629081488,55762.647282612,55768.562765741,55768.563109071,0.018201124003098812,2.6657005946617573e-05,5.915483128999767,0.0003433300007600337,5.934027583003626,True,none,False,unknown,unknown,118.669312,6380.87168,5.212416
2030,55768.538926238,55768.570682311,55774.673777259,55774.67422923,0.03175607300363481,1.8751998140942305e-05,6.103094947997306,0.0004519709982560016,6.135302991999197,True,none,False,blocked,front_center,118.939648,6380.87168,5.212416
2214,55774.674452751,55774.681840102,55780.79612549,55780.79699004,0.007387350997305475,1.39519979711622e-05,6.114285388001008,0.0008645499983686022,6.122537288996682,True,none,False,unknown,unknown,119.05024,6376.013824,5.212416
2398,55780.80224864,55780.807344806,55786.812073099,55786.812695471,0.005096166001749225,3.695999475894496e-05,6.0047282929954235,0.0006223720047273673,6.0104468310019,True,none,False,unknown,unknown,119.05024,6376.103936,5.212416
2578,55786.791606353,55786.820946094,55793.152089084,55793.152441151,0.029339740998693742,2.4352004402317107e-05,6.331142989998625,0.00035206700704293326,6.360834798004362,True,none,False,blocked,front_left,119.05024,6376.103936,5.212416
2768,55793.132741578,55793.16001804,55799.636062818,55799.636553606,0.027276461994915735,2.064000000245869e-05,6.47604477799905,0.0004907879992970265,6.503812027993263,True,none,False,blocked,front_center,119.05024,6376.103936,5.212416
2962,55799.613968249,55799.643781245,55805.517323373,55805.517765329,0.02981299599923659,1.369600067846477e-05,5.873542127999826,0.00044195599912200123,5.903797079998185,True,none,False,blocked,front_left,119.05024,6376.103936,5.212416
3139,55805.508030406,55805.525026857,55811.420025505,55811.420299459,0.01699645099870395,1.430400152457878e-05,5.894998648000183,0.00027395399956731126,5.912269052998454,True,none,False,blocked,front_left,119.05024,6376.103936,5.212416
3316,55811.419394108,55811.427528475,55817.335183765,55817.335492504,0.008134366995363962,1.6608006262686104e-05,5.907655290000548,0.000308738999592606,5.916098395995505,True,none,False,blocked,front_left,119.05024,6376.103936,5.212416
3492,55817.314596788,55817.343096339,55823.219331314,55823.220047447,0.028499551001004875,1.5839999832678586e-05,5.876234975003172,0.0007161329995142296,5.905450659003691,True,none,False,clear,none,119.05024,6375.604224,5.212416
3669,55823.217183873,55823.228760956,55829.376074461,55829.376649537,0.011577083001611754,3.171199932694435e-05,6.1473135049964185,0.0005750760028604418,6.159465664000891,True,none,False,clear,none,119.05024,6375.604224,5.212416
3853,55829.361542793,55829.385222022,55835.38141302,55835.381827007,0.02367922900157282,2.764799864962697e-05,5.9961909979974735,0.0004139869997743517,6.020284213998821,True,none,False,clear,none,119.05024,6375.604224,5.212416
4033,55835.364919767,55835.389887456,55841.50967231,55841.510086425,0.024967689001641702,2.3679996957071126e-05,6.119784853995952,0.00041411499842070043,6.145166657996015,True,none,False,clear,none,119.05024,6375.604224,5.212416
4217,55841.483478467,55841.517846776,55847.658364316,55847.658762367,0.03436830899590859,2.1216001186985523e-05,6.140517539999564,0.0003980510009569116,6.17528389999643,True,none,False,clear,none,119.05024,6375.604224,5.212416
4402,55847.658297723,55847.666486558,55853.824032176,55853.824357171,0.008188835003238637,1.7249003576580435e-05,6.157545617999858,0.0003249949950259179,6.166059447998123,True,none,False,blocked,front_right,119.05024,6375.604224,5.212416
4587,55853.804121773,55853.831772943,55859.716039798,55859.716366233,0.02765116999944439,1.7056001524906605e-05,5.884266854998714,0.00032643500162521377,5.912244459999783,True,none,False,blocked,front_left,119.05024,6375.604224,5.212416
4764,55859.699404845,55859.723627157,55865.928044697,55865.928373756,0.0242223120003473,1.8432001525070518e-05,6.204417540000577,0.0003290590029791929,6.2289689110039035,True,none,False,blocked,front_right,119.05024,6375.604224,5.212416
4950,55865.919057935,55865.93587225,55872.08198271,55872.082435449,0.016814314993098378,1.7919999663718045e-05,6.146110460002092,0.00045273900468600914,6.163377513999876,True,none,False,clear,none,119.05024,6375.604224,5.212416
5134,55872.07747992,55872.090091417,55878.171912939,55878.172456784,0.01261149699712405,1.5295998309738934e-05,6.081821521998791,0.0005438450025394559,6.094976863998454,True,none,False,blocked,front_left,119.05024,6375.604224,5.212416
5317,55878.179044423,55878.18002088,55884.231740299,55884.232430449,0.0009764569986145943,1.2671996955759823e-05,6.051719419003348,0.0006901500019012019,6.053386026003864,True,none,False,unknown,unknown,119.05024,6375.604224,5.212416
5498,55884.20645839,55884.241145307,55890.225678204,55890.226052639,0.03468691700254567,3.24159991578199e-05,5.984532896996825,0.0003744350033230148,6.019594249002694,True,none,False,clear,none,119.05024,6375.604224,5.212416
5678,55890.218655264,55890.233995043,55896.283603176,55896.284043308,0.015339779005444143,2.2847998479846865e-05,6.049608132998401,0.0004401319965836592,6.065388044000429,True,none,False,unknown,unknown,119.05024,6375.604224,5.212416
5859,55896.257833739,55896.291659501,55902.569014262,55902.569615708,0.033825762002379633,1.89119964488782e-05,6.277354760997696,0.0006014460013830103,6.3117819690014585,True,none,False,blocked,front_left,119.05024,6375.604224,5.212416
6049,55902.577035804,55902.579307535,55908.656080154,55908.656482398,0.0022717309984727763,2.787199628073722e-05,6.0767726190024405,0.00040224399708677083,6.079446593998,True,none,False,blocked,front_right,119.05024,6375.604224,5.212416
6231,55908.634390814,55908.664716517,55914.976062114,55914.976478054,0.030325703002745286,1.9327999325469136e-05,6.311345597001491,0.0004159399977652356,6.342087240002002,True,none,False,blocked,front_center,119.31648,6375.604224,5.212416
6421,55914.963333651,55914.984422987,55921.00403797,55921.004351893,0.0210893359981128,1.865599915618077e-05,6.019614983000793,0.00031392300297738984,6.041018242001883,True,none,False,blocked,front_right,119.31648,6375.604224,5.212416
6602,55921.006193637,55921.011941176,55927.13606272,55927.13651098,0.005747539005824365,1.7951999325305223e-05,6.124121543994988,0.0004482600052142516,6.130317343006027,True,none,False,blocked,front_right,119.31648,6375.604224,5.212416
6785,55927.125029503,55927.144114535,55933.400039791,55933.400339986,0.019085032006842084,1.9903993234038353e-05,6.255925255994953,0.0003001950026373379,6.275310483004432,True,none,False,clear,none,119.31648,6375.604224,5.212416
6973,55933.398184767,55933.40777058,55939.528050554,55939.528364637,0.009585813000740018,1.5711993910372257e-05,6.120279973998549,0.00031408300128532574,6.130179870000575,True,none,False,blocked,front_center,119.373824,6375.604224,5.212416
